Rank,Name,Symbol,marketcap,price (USD),country,page numbers,Report link,sector,industry
104,Epiroc,EPI-A.ST,36084243997,29.8453,Sweden,,,,
107,Hannover Rück,HNR1.DE,35417744197,293.686,Germany,,,,
113,H&amp;M,HM-B.ST,33303152589,20.834,Sweden,,,,
115,PKO Bank Polski,PKO.WA,32641357758,26.1131,Poland,,,,
117,OTP Bank,OTP.BD,32336190827,126.705,Hungary,,,,
119,Experian,EXPGF,32049850368,35.11,Ireland,,,,
120,Banca Monte dei Paschi di Siena,BMPS.MI,31972004708,10.5226,Italy,,,,
121,ČEZ Group,CEZ.PR,31967184492,59.5502,Czech Republic,,,,
138,BioNTech,BNTX,26754236416,106.62,Germany,,,,
139,Flutter Entertainment,FLUT,26733379584,152.53,Ireland,,,,
144,AerCap,AER,24975849472,140.07,Ireland,,,,
147,Steris,STE,24835391488,252.16,Ireland,,,,
150,Pernod Ricard,RI.PA,23971697633,95.1998,France,,,,
155,Alfa Laval,ALFA.ST,23397297488,56.6073,Sweden,,,,
157,Industrivarden,INDU-A.ST,23137971844,53.5241,Sweden,,,,
158,Smurfit Westrock,SW,23058761728,44.14,Ireland,,,,
160,Banco BPM,BAMI.MI,22822536673,15.1809,Italy,,,,
166,Nebius Group,NBIS,21680601088,86.1,Netherlands,,,,
169,Essity,ESSITY-B.ST,21089135171,30.9211,Sweden,,,,
171,Amer Sports,AS,20801974272,37.51,Finland,,,,
177,Boliden,BOL.ST,19676744135,69.2952,Sweden,,,,
183,Puig Brands,PUIG.MC,18719377790,19.5673,Spain,,,,
187,Mediobanca,MB.MI,18072016793,22.4107,Italy,,,,
189,Aptiv,APTV,17939052544,82.38,Ireland,,,,
197,Bank Pekao (Bank Polska Kasa Opieki),PEO.WA,16934973666,64.5216,Poland,,,,
199,Unipol Assicurazioni,UNI.MI,16615334994,23.1615,Italy,,,,
200,Santander Polska,SPL.WA,16612421993,162.565,Poland,,,,
208,Lifco,LIFCO-B.ST,16160646882,35.5792,Sweden,,,,
210,Banco Comercial Português (Millennium bcp),BCP.LS,15994879119,1.0804,Portugal,,,,
214,Moncler,MONC.MI,15529077757,57.1766,Italy,,,,
215,Allegion,ALLE,15465964544,179.77,Ireland,,,,
216,BE Semiconductor,BESI.AS,15419535906,195.673,Netherlands,,,,
224,Lundbergföretagen,LUND-B.ST,15059057575,60.722,Sweden,,,,
226,Galp Energia,GZ5.F,14667018170,19.8806,Portugal,,,,
229,SPEEH Hidroelectrica,H2O.RO,14505717714,32.2491,Romania,,,,
234,Eurofins Scientific,ERF.PA,14169099673,80.3973,Luxembourg,,,,
235,Fresenius Medical Care,FMS,14058384384,24.08,Germany,,,,
236,James Hardie Industries,JHX,13709467648,23.64,Ireland,,,,
239,Ascendis Pharma,ASND,13572955136,222.15,Denmark,,,,
244,Prada,1913.HK,13257170255,5.18096,Italy,,,,
245,bioMérieux,BIM.PA,13233355184,112.083,France,,,,
246,Piraeus Financial Holdings,TPEIR.AT,13071458335,10.4635,Greece,,,,
247,Lufthansa,LHA.DE,13051167202,10.8915,Germany,,,,
248,Rexel,RXL.PA,13031643646,44.4313,France,,,,
252,SKF (Svenska Kullagerfabriken),SKF-B.ST,12557963287,27.5606,Sweden,,,,
253,Skanska,SKA-B.ST,12497312599,30.1891,Sweden,,,,
259,Alpha Services and Holdings,ALPHA.AT,12082740188,5.23764,Greece,,,,
260,D'Ieteren Group,DIE.BR,12061232313,227.24,Belgium,,,,
262,Symrise,SY1.DE,11990848959,85.7886,Germany,,,,
265,Acciona,ANA.MC,11895593227,218.255,Spain,,,,
268,ICON plc,ICLR,11711704064,150.59,Ireland,,,,
271,Thyssenkrupp,TKA.F,11489597437,13.8863,Germany,,,,
272,Komerční banka,KOMB.PR,11476875495,60.7705,Czech Republic,,,,
274,Millicom,TIGO,11186339840,66.95,Luxembourg,,,,
281,Ayvens,AYV.PA,10657617397,13.6084,France,,,,
282,Renault,RNO.PA,10578590939,36.498,France,,,,
285,CTP N.V.,CTPNV.AS,10494472328,21.8964,Netherlands,,,,
286,Sofina,SOF.VI,10421472677,283.991,Belgium,,,,
287,Sagax,SAGA-B.ST,10184271334,21.9154,Sweden,,,,
290,Lotus Bakeries,LOTB.BR,10138661377,12485.2,Belgium,,,,
291,Securitas AB,SECU-B.ST,10104167542,17.651,Sweden,,,,
292,Rational AG,RAA.F,10075449487,886.143,Germany,,,,
293,Deutsche Wohnen,DWNI.DE,10066511629,25.3606,Germany,,,,
294,Jazz Pharmaceuticals,JAZZ,10056627200,165.5,Ireland,,,,
298,Romgaz,SNG.RO,9843389957,2.55392,Romania,,,,
299,Addtech AB,ADDT-B.ST,9794957663,36.2834,Sweden,,,,
304,Trelleborg AB,TREL-B.ST,9646885611,42.8659,Sweden,,,,
305,Nemetschek,NEM.F,9585561531,83.0575,Germany,,,,
306,Autoliv,ALV,9555681280,125.79,Sweden,,,,
309,Indutrade,INDT.ST,9455062988,25.9524,Sweden,,,,
312,Abivax,ABVX,9304475648,117.67,France,,,,
315,Fraport,FRA.DE,9055619123,98.0137,Germany,,,,
318,Fastighets AB Balder,BALD-B.ST,8832118501,7.42195,Sweden,,,,
321,Voestalpine,VAS.F,8660203536,49.8463,Austria,,,,
322,Merlin Properties,MRL.MC,8637175643,15.3464,Spain,,,,
324,Ternium,TX,8531531776,43.46,Luxembourg,,,,
325,INWIT,INW.MI,8497051809,9.41121,Italy,,,,
327,Aurubis,NDA.F,8480939972,194.254,Germany,,,,
329,SSAB,SSAB-B.ST,8466800657,8.49554,Sweden,,,,
333,Nordnet AB,SAVE.ST,8286581209,33.3167,Sweden,,,,
334,NIBE Industrier,NIBE-B.ST,8226150391,4.0803,Sweden,,,,
345,Sodexo,SW.PA,7790074713,53.4169,France,,,,
347,Klarna,KLAR,7741273600,20.52,Sweden,,,,
348,OTE Group,OTE.F,7735278968,18.9525,Greece,,,,
349,A1 Telekom Austria,TA1.F,7716055056,11.1374,Austria,,,,
355,Beijer Ref,BEIJ-B.ST,7423820057,14.6454,Sweden,,,,
357,AAK,AAK.ST,7342831786,28.1928,Sweden,,,,
359,Saipem,SPM.MI,7261708620,3.7101,Italy,,,,
360,KBC Ancora,KBCA.BR,7211324017,93.6392,Belgium,,,,
364,Birkenstock,BIRK,7071187456,38.45,Germany,,,,
366,Gecina,GFC.PA,6900351507,93.1662,France,,,,
367,Warehouses De Pauw,WDP.BR,6833448881,29.0612,Belgium,,,,
368,TKMS,TKMS.DE,6830782340,107.531,Germany,,,,
369,Merus,MRUS,6826245632,90,Netherlands,,,,
377,Compagnie de l'Odet,ODET.PA,6578261852,1560.65,France,,,,
379,Oberbank,OBS.VI,6472494927,91.7475,Austria,,,,
382,AUTO1,AG1.F,6398037607,29.0612,Germany,,,,
394,Getinge,GETI-B.ST,6156370583,22.603,Sweden,,,,
400,Bank Millennium,MIL.WA,6040364052,4.98346,Poland,,,,
403,Castellum,CAST.ST,5979013997,12.1499,Sweden,,,,
404,Sweco,SWEC-A.ST,5970501731,16.5253,Sweden,,,,
406,Holmen,HOLM-B.ST,5966189267,38.8843,Sweden,,,,
407,Valmet,VALMT.HE,5950851180,32.3008,Finland,,,,
411,Corporación Financiera Alba,ALB.MC,5871019284,97.9515,Spain,,,,
412,NOBA Bank Group AB,NOBA.ST,5819331105,11.6387,Sweden,,,,
414,Lottomatica Group,LTMC.MI,5814131801,24.4739,Italy,,,,
416,Alkermes,ALKS,5764252160,34.91,Ireland,,,,
418,DCC plc,DCC.L,5685335569,66.555,Ireland,,,,
419,OHB SE,OHB.DE,5683829675,296.76,Germany,,,,
421,TUI,TUI1.F,5591460224,11.0192,Germany,,,,
422,1&1,1U1.DE,5575804816,31.6269,Germany,,,,
424,Tauron Polska,TPE.WA,5545793699,3.16441,Poland,,,,
426,Fuchs Petrolub,FPE.F,5461966838,35.5285,Germany,,,,
429,Danieli &amp; C. Officine Meccaniche,DAN.MI,5415766979,75.668,Italy,,,,
430,Flughafen Wien (Vienna Airport),FLU.VI,5374802135,64.0813,Austria,,,,
431,Logista (Compañía de Distribución Integral Logista),LOG.MC,5232638292,39.6311,Spain,,,,
439,flatexDEGIRO AG,FTK.DE,4953953320,46.2994,Germany,,,,
443,Aumovio SE,AMV0.DE,4875977741,48.7349,Germany,,,,
452,Zealand Pharma,ZEAL.CO,4540828110,64.4661,Denmark,,,,
453,DMG Mori Aktiengesellschaft,GIL.F,4521449514,56.9875,Germany,,,,
455,Sectra AB,SECT-B.ST,4457432187,23.1354,Sweden,,,,
468,Jumbo S.A.,5JB.F,4315954877,30.7401,Greece,,,,
471,Webuild S.p.A.,WBD.MI,4249084335,4.27288,Italy,,,,
475,Stevanato Group,STVN,4231557120,15.5,Italy,,,,
478,Gek Terna,GEKTERNA.AT,4201026675,41.8775,Greece,,,,
480,Aedifica,AED.BR,4188248164,88.0823,Belgium,,,,
481,IONOS Group,IOS.DE,4183820072,30.2081,Germany,,,,
482,Athens International Airport,AIA.AT,4175807738,13.4902,Greece,,,,
485,Mandatum,MANTA.HE,4122374925,8.20052,Finland,,,,
489,Cofinimmo,COFB.BR,3971269848,104.28,Belgium,,,,
490,Springer Nature AG,SPG.DE,3967495528,19.5318,Germany,,,,
491,Hiab Oyj,HIAB.HE,3947553375,61.1847,Finland,,,,
496,NewAmsterdam Pharma Company,NAMS,3889304320,34.3,Netherlands,,,,
497,L.D.C. S.A.,LOUP.PA,3880608375,111.729,France,,,,
498,Trigano,TRI.PA,3877178798,200.993,France,,,,
500,Inmobiliaria Colonial,COL.MC,3856249330,6.28399,Spain,,,,
501,Munters Group AB,MTRS.ST,3844575857,21.0614,Sweden,,,,
503,Wienerberger,WIB.F,3826515132,34.9019,Austria,,,,
506,Shurgard Self Storage,SHUR.BR,3766465606,37.302,Luxembourg,,,,
510,Société Foncière Lyonnaise,FLY.PA,3702190127,86.0641,France,,,,
511,Ambu,AMBU-B.CO,3698098651,13.9125,Denmark,,,,
513,Brederode,BREB.BR,3686585917,125.798,Luxembourg,,,,
515,VEON,VEON,3630548480,52.62,Netherlands,,,,
521,Samsonite International,1SO.F,3539323866,2.51714,Luxembourg,,,,
522,VGP NV,VGP.BR,3497727951,128.163,Belgium,,,,
525,Catena AB,CATE.ST,3472789545,52.3041,Sweden,,,,
527,Constellium,CSTM,3452195328,24.74,France,,,,
532,SYNLAB,SYAB.VI,3307393271,15.049,Germany,,,,
534,NH Hotel Group,NHH.MC,3280482487,7.53012,Spain,,,,
539,Groupe SEB,SK.PA,3251770907,59.3521,France,,,,
541,Peab,PEAB-B.ST,3194159347,11.3237,Sweden,,,,
543,Wihlborgs Fastigheter AB,WIHL.ST,3167521607,10.3033,Sweden,,,,
545,ID Logistics Group,IDL.PA,3143969117,481.792,France,,,,
546,Grenergy Renovables,GRE.MC,3130670918,111.492,Spain,,,,
547,Loomis AB,LOOMIS.ST,3108416146,46.4482,Sweden,,,,
549,Groupe Lagardère,MMB.PA,3102351107,21.8964,France,,,,
552,Viscofan,VIS.MC,3021114539,65.8548,Spain,,,,
553,BioArctic AB,BIOA-B.ST,3016159957,34.0265,Sweden,,,,
554,Bank für Tirol und Vorarlberg,BTS.VI,3004789922,80.9884,Austria,,,,
556,LEW (Lechwerke),LEC.F,2954418637,83.353,Germany,,,,
557,Bakkafrost,BAKKA.OL,2947889568,49.7245,Denmark,,,,
558,Fabege AB,FABG.ST,2941146581,9.34953,Sweden,,,,
559,HUGO BOSS,BOSS.DE,2938368545,42.5751,Germany,,,,
560,Eutelsat,ETL.PA,2931604733,2.48877,France,,,,
564,HEXPOL AB,HPOL-B.ST,2891794474,8.39572,Sweden,,,,
565,Técnicas Reunidas,TRE.MC,2871621492,36.7699,Spain,,,,
567,Grupa Kety,KTY.WA,2860541582,291.216,Poland,,,,
569,XTB S.A.,XTB.WA,2840211689,24.1774,Poland,,,,
571,CA Immo,BZY.F,2832635518,29.2504,Austria,,,,
574,Husqvarna,HUSQ-A.ST,2806202320,4.89658,Sweden,,,,
575,KWS,KWS.F,2805273361,85.0083,Germany,,,,
576,Asmodee Group AB,ASMDEE-B.ST,2804355906,12.0002,Sweden,,,,
578,Carmila,CARM.PA,2785297612,19.9574,France,,,,
579,MFE-Mediaforeurope,MFEA.MI,2784393531,3.56585,Italy,,,,
586,Carl Zeiss Meditec,AFXA.F,2721899323,30.9766,Germany,,,,
588,Elecnor,ENO.MC,2713515005,32.0407,Spain,,,,
590,Kojamo,KOJAMO.HE,2711170439,11.2898,Finland,,,,
591,Aktor,AKTR.AT,2700983172,13.2419,Greece,,,,
595,Hufvudstaden AB,HUFV-A.ST,2693350485,13.8613,Sweden,,,,
597,Anima Holding,ANIM.MI,2678089665,8.23481,Italy,,,,
598,Société Industrielle et Financière de l'Artois,ARTO.PA,2675218821,10049.7,France,,,,
602,Globant,GLOB,2644544000,60.03,Luxembourg,,,,
603,Ermenegildo Zegna,ZGN,2639988736,10.39,Italy,,,,
604,Azelis Group,AZE.BR,2612182830,10.7295,Belgium,,,,
605,Solaria Energía,SLR.MC,2611884093,20.9033,Spain,,,,
606,Immofinanz,IMO1.F,2609603156,18.7869,Austria,,,,
608,Financière Moncey Société anonyme,FMONC.PA,2600924944,139.513,France,,,,
609,Star Bulk Carriers,SBLK,2597179392,22.72,Greece,,,,
610,Electrolux,ELUX-A.ST,2595012453,9.59352,Sweden,,,,
612,DO &amp; CO Aktiengesellschaft,DOC.VI,2578996052,234.807,Austria,,,,
614,Ceconomy,CEC.DE,2547152533,5.24947,Germany,,,,
619,SCHOTT Pharma,1SXP.DE,2528644744,16.7888,Germany,,,,
620,Optima bank,OPTIMA.AT,2527754434,11.4211,Greece,,,,
621,Grafton Group,GFTU.L,2515224261,13.0223,Ireland,,,,
622,Bufab AB,BUFAB.ST,2513234419,13.2424,Sweden,,,,
623,VusionGroup,VU.PA,2497952891,149.208,France,,,,
624,Röko AB,ROKO-B.ST,2490614542,170.31,Sweden,,,,
626,NCC,NCC-B.ST,2481549647,25.3757,Sweden,,,,
627,Cosmo Pharmaceuticals,C43.F,2474137597,146.607,Ireland,,,,
628,Tradegate Exchange,T2G.F,2464388984,101.088,Germany,,,,
636,Elekta AB,EKTA-B.ST,2356756007,6.14429,Sweden,,,,
637,Atrium Ljungberg,ATRLJ-B.ST,2354912773,3.73482,Sweden,,,,
640,Südzucker,SZU.F,2322968958,11.3798,Germany,,,,
641,Clas Ohlson AB,CLAS-B.ST,2320774671,36.5108,Sweden,,,,
642,AT&amp;S Austria Technologie &amp; Systemtechnik,ATS.VI,2315015493,59.5886,Austria,,,,
643,Mainova,MNV6.F,2314671809,420.903,Germany,,,,
646,Alleima AB,ALLEI.ST,2286136636,9.1388,Sweden,,,,
647,Neinor Homes,HOME.MC,2283470106,23.1733,Spain,,,,
649,Kinnevik,KINV-A.ST,2258471546,8.01863,Sweden,,,,
650,KSB SE &amp; Co. KGaA,KSB.DE,2256971472,1288.72,Germany,,,,
652,Gelsenwasser,WWG.F,2214988743,644.36,Germany,,,,
653,Exail Technologies,EXA.PA,2203285021,129.818,France,,,,
655,Ströer,SAX.F,2196787560,39.0754,Germany,,,,
656,Elvalhalcor Hellenic Copper and Aluminium Industry,ELHA.AT,2189583209,5.84062,Greece,,,,
658,Cadeler A/S,CDLR,2140551936,24.43,Denmark,,,,
659,Avadel Pharmaceuticals,AVDL,2128905472,21.69,Ireland,,,,
660,Antin Infrastructure Partners,ANTIN.PA,2112478871,11.8231,France,,,,
663,OEM International,OEM-B.ST,2095742946,15.1056,Sweden,,,,
664,Adient,ADNT,2094348544,26.46,Ireland,,,,
665,Bravida Holding,BRAV.ST,2094054621,10.2368,Sweden,,,,
667,Sinch,SINCH.ST,2063655002,2.6751,Sweden,,,,
670,Solvac,SOLV.BR,2047029827,95.7673,Belgium,,,,
671,Believe S.A.,BLV.PA,2046442441,20.3214,France,,,,
672,Hamburger Hafen,HHFA.F,2043762482,26.9567,Germany,,,,
673,Navitas Semiconductor,NVTS,2042196096,8.86,Ireland,,,,
674,Peugeot Invest Société anonyme,PEUG.PA,2038799115,82.1707,France,,,,
675,Storskogen Group,STOR-B.ST,2037701405,1.21389,Sweden,,,,
677,AQ Group,AQ.ST,2024602064,22.0706,Sweden,,,,
678,Montea Comm,MONT.BR,2017704539,86.6635,Belgium,,,,
679,Meliá Hotels International,MEL.MC,2017589978,9.16292,Spain,,,,
680,Systemair AB,SYSR.ST,2016217678,9.71552,Sweden,,,,
681,Perrigo,PRGO,2014815616,14.64,Ireland,,,,
687,Friedrich Vorwerk Group,VH2.DE,1979878253,97.5408,Germany,,,,
688,Argan SA,ARG.PA,1978881252,76.8503,France,,,,
692,Pfeiffer Vacuum,PFV.F,1941721903,196.264,Germany,,,,
694,Gimv NV,GIMB.BR,1914969328,52.0218,Belgium,,,,
696,Faes Farma,FAE.MC,1909962073,6.1362,Spain,,,,
697,Caisse Régionale de Crédit Agricole Mutuel Nord de France,CNDF.PA,1904467062,32.5136,France,,,,
699,Pluxee,PLX.PA,1897543742,13.301,France,,,,
701,Caisse Régionale de Crédit Agricole Mutuel du Languedoc,CRLA.PA,1891692335,95.7673,France,,,,
702,Realia Business,RLIA.MC,1874045345,1.24143,Spain,,,,
704,Cimpress,CMPR,1866173696,75.64,Ireland,,,,
708,Siltronic,WAF.F,1842634193,61.4211,Germany,,,,
709,Rai Way,RWAY.MI,1838071109,6.84559,Italy,,,,
710,Metrovacesa,MVC.MC,1836956973,12.1187,Spain,,,,
712,NP3 Fastigheter AB,NP3.ST,1820138695,29.5569,Sweden,,,,
715,Métropole Télévision (Groupe M6),MMT.PA,1796761068,14.2823,France,,,,
716,Jeudan,JDAN.CO,1788334612,32.2884,Denmark,,,,
718,Polestar,PSNY,1777079936,19.42,Sweden,,,,
720,Hacksaw AB,HACK.ST,1764074627,6.09993,Sweden,,,,
722,Wüstenrot &amp; Württembergische,WUW.F,1761353888,18.6332,Germany,,,,
723,Verbio,VBK.F,1755226596,27.5479,Germany,,,,
724,Proeduca Altus,PRO.MC,1746356315,38.6676,Spain,,,,
729,Afry AB,AFRY.ST,1719532191,15.1833,Sweden,,,,
730,Pharvaris,PHVS,1716228864,26.42,Netherlands,,,,
731,Deutsche EuroShop,DEQ.F,1713705290,22.8423,Germany,,,,
734,Bure Equity AB,BURE.ST,1681218705,22.5808,Sweden,,,,
735,Embracer Group,EMBRAC-B.ST,1676689892,5.16109,Sweden,,,,
737,Eurocommercial Properties,ECMPA.AS,1671156866,30.5628,Netherlands,,,,
739,Nexa Resources,NEXA,1640914432,12.39,Luxembourg,,,,
741,Nürnberger Versicherung,NBG6.F,1633673053,141.878,Germany,,,,
742,Atoss,AOF.F,1623627671,101.206,Germany,,,,
744,Drägerwerk,DRW8.F,1620607156,80.3973,Germany,,,,
745,Industrie De Nora,DNR.MI,1620211715,8.15205,Italy,,,,
746,OVH Groupe,OVH.PA,1618233450,10.759,France,,,,
750,uniQure,QURE,1597781120,25.65,Netherlands,,,,
751,Fluxys Belgium,FLUX.BR,1590856160,22.6413,Belgium,,,,
754,Dalata Hotel Group,DHG.IR,1586221998,7.50058,Ireland,,,,
756,Xior Student Housing,XIOR.BR,1578954641,33.8141,Belgium,,,,
757,Derichebourg,DBG.PA,1567919522,9.89596,France,,,,
760,Vimian Group,VIMIAN.ST,1555611111,2.95236,Sweden,,,,
762,Nolato AB,NOLA-B.ST,1552058882,5.76166,Sweden,,,,
763,Newag,NWG.WA,1551376197,34.475,Poland,,,,
765,Dole PLC,DOLE,1544489856,16.23,Ireland,,,,
766,Pharma Mar,PHM.MC,1541969784,90.1513,Spain,,,,
768,Cloetta,CLA-B.ST,1538257682,5.36572,Sweden,,,,
769,Ferretti,F3T1.F,1537623867,4.41003,Italy,,,,
770,Wavestone SA,WAVE.PA,1532821824,62.4261,France,,,,
771,Planisware,PLNW.PA,1530709930,21.9437,France,,,,
772,New Wave Group,NEWA-B.ST,1524580614,11.49,Sweden,,,,
773,Paradox Interactive,PDX.ST,1517016654,14.3626,Sweden,,,,
774,PFISTERER Holding SE,PFSE.DE,1516850880,83.826,Germany,,,,
775,Betsson AB,BETS-B.ST,1486216135,10.7969,Sweden,,,,
777,Nexus AG,NXU.DE,1470436668,85.1369,Germany,,,,
778,Jumia,JMIA,1458532224,11.91,Germany,,,,
779,Douglas Group,DOU.DE,1445106410,13.2892,Germany,,,,
782,Ramsay Générale de Santé,GDS.PA,1435402442,13.0054,France,,,,
783,Dometic Group,DOM.ST,1431575434,4.48067,Sweden,,,,
784,Rusta AB,RUSTA.ST,1422391518,9.29962,Sweden,,,,
785,Cibus Nordic Real Estate,CIBUS.ST,1421131463,17.3127,Sweden,,,,
787,Banco di Desio e della Brianza,BDB.MI,1417652240,10.7827,Italy,,,,
788,engcon AB,ENGCON-B.ST,1414390429,9.28298,Sweden,,,,
789,H&amp;K AG (Heckler &amp; Koch),MLHK.PA,1409578464,39.7257,Germany,,,,
790,thyssenkrupp nucera,NCH2.DE,1387304223,10.8359,Germany,,,,
791,Telia Lietuva,ZWS.F,1384550059,2.37645,Lithuania,,,,
793,MBB SE,MBB.DE,1379797503,255.38,Germany,,,,
794,Intercos,ICOS.MI,1374755441,14.5188,Italy,,,,
795,Adtran Networks,ADV.DE,1372446659,26.3656,Germany,,,,
796,atai Life Sciences,ATAI,1369319040,3.77,Germany,,,,
797,B.F. S.p.A.,BFG.MI,1368281589,5.22582,Italy,,,,
799,Vitrolife AB,VITR.ST,1364010858,10.0704,Sweden,,,,
800,Bilia AB,BILI-A.ST,1359675680,14.7618,Sweden,,,,
802,Hemnet Group AB,HEM.ST,1355861220,14.5178,Sweden,,,,
804,About You,YOU.DE,1349692882,7.76846,Germany,,,,
805,EL.En. S.p.A. (Elen Group),ELN.MI,1349402572,16.8361,Italy,,,,
808,VIEL &amp; Cie,VIL.PA,1317901678,20.9269,France,,,,
811,Klöckner &amp; Co,KCO.DE,1302009883,13.0527,Germany,,,,
813,Immatics,IMTX,1291034752,9.63,Germany,,,,
815,Develia,DVL.WA,1268791750,2.73838,Poland,,,,
817,BayWa,BYW.F,1266566609,19.7446,Germany,,,,
821,Bonesupport Holding AB,BONEX.ST,1252686908,19.0207,Sweden,,,,
822,Norion Bank,NORION.ST,1241853167,6.54356,Sweden,,,,
823,Puuilo,PUUILO.HE,1237602333,14.6725,Finland,,,,
824,Aedas Homes,AEDAS.MC,1228441586,28.3164,Spain,,,,
825,Zeal Network,TIMA.F,1227379586,58.1698,Germany,,,,
826,Inventiva,IVA,1221498112,5.88,France,,,,
828,Vetoquinol,VETO.PA,1217106140,102.861,France,,,,
829,Caisse Régionale de Crédit Agricole Mutuel Alpes Provence,CRAP.PA,1216739529,163.75,France,,,,
830,Mercialys,MERY.PA,1216327516,13.0291,France,,,,
832,Adecoagro,AGRO,1212361344,8.57,Luxembourg,,,,
835,ChemoMetec,CHEMM.CO,1189903722,68.3755,Denmark,,,,
837,GasLog,GLOP-PA,1184410496,25.81,Greece,,,,
838,Caisse régionale de Crédit Agricole Mutuel Atlantique Vendée,CRAV.PA,1181158464,160.156,France,,,,
839,TF Bank AB,TFBANK.ST,1169887884,18.0957,Sweden,,,,
841,DBV Technologies,DBVT,1168416640,21.26,France,,,,
842,Sedlmayr Grund und Immobilien AG,SPB.F,1154626536,1572.48,Germany,,,,
843,Rosetti Marino,YRM.MI,1150153724,302.672,Italy,,,,
844,Polenergia,PEP.WA,1147094096,14.8551,Poland,,,,
845,JOST Werke SE,JST.DE,1146831369,76.9685,Germany,,,,
846,CTT - Correios De Portugal,CTT.LS,1146237754,8.64271,Portugal,,,,
847,Neurones,NRO.PA,1144686030,47.056,France,,,,
848,Einhell Germany,EIN.DE,1142696724,100.615,Germany,,,,
849,Vitec Software Group,VIT-B.ST,1142108769,28.7473,Sweden,,,,
851,Frey SA,FREY.PA,1139084781,35.7058,France,,,,
854,Pharming Group,PHAR,1120971392,16.09,Netherlands,,,,
856,Voltalia,VLTSA.PA,1105442028,8.44171,France,,,,
861,Plejd AB,PLEJD.ST,1084662681,97.0292,Sweden,,,,
863,Dynavox Group,DYVOX.ST,1079931138,10.2312,Sweden,,,,
864,Inwido AB,INWI.ST,1076148557,18.5631,Sweden,,,,
865,Caisse Régionale de Crédit Agricole Mutuel Sud Rhône Alpes,CRSU.PA,1073876286,236.415,France,,,,
866,Juventus Turin,JUVE.MI,1063226468,2.80445,Italy,,,,
868,AMS-Osram,AMS.SW,1057628692,10.6216,Austria,,,,
869,Montepino Logística,MLMTP.PA,1057313316,12.2961,Spain,,,,
870,Gerresheimer,GXI.F,1053596579,30.5037,Germany,,,,
872,Curevac,CVAC,1049304960,4.66,Germany,,,,
874,Creades AB,CRED-A.ST,1044210104,7.69145,Sweden,,,,
875,Synsam,SYNSAM.ST,1040059250,7.29773,Sweden,,,,
876,BKS Bank,BKS.VI,1037624576,22.7004,Austria,,,,
880,HelloFresh,HFG.DE,1027019402,7.16481,Germany,,,,
882,Viridien,VIRI.PA,1025295382,142.705,France,,,,
883,Northern Data AG,NB2.DE,1022022135,15.1336,Germany,,,,
884,LuxExperience,LUXE,1019853696,7.43,Germany,,,,
886,Navigo Invest,NAVIGO-STAM.ST,1012545596,0.207354,Sweden,,,,
888,Nanobiotix,NBTX,1008888832,20.85,France,,,,
890,BFF Bank,BFF.MI,992041789,5.25183,Italy,,,,
891,Pierre et Vacances,VAC.PA,989466429,2.14235,France,,,,
893,Criteo,CRTO,981604288,19.19,France,,,,
894,NEUCA,NEU.WA,976501720,216.94,Poland,,,,
895,Safilo Group,SFL.MI,973690103,2.48286,Italy,,,,
896,BASSAC,BASS.PA,967805856,60.2979,France,,,,
897,Ålandsbanken,ALBAV.HE,964742512,62.6626,Finland,,,,
898,Asseco South Eastern Europe,ASE.WA,962890123,18.5549,Poland,,,,
899,Sto SE &amp; Co. KGaA,STO3.DE,960329176,149.444,Germany,,,,
900,GAG Immobilien,GWK3.HM,954503950,59.1156,Germany,,,,
901,Cancom,COK.F,950155234,30.149,Germany,,,,
903,Nagarro,NA9.DE,945085477,71.9437,Germany,,,,
904,GH Research,GHRS,940675776,15.165,Ireland,,,,
906,Caisse Régionale de Crédit Agricole Mutuel Loire Haute-Loire,CRLO.PA,938978690,115.867,France,,,,
907,Volati AB,VOLO.ST,938578350,10.5346,Sweden,,,,
908,Paul Hartmann,PHH2.F,936437078,263.656,Germany,,,,
910,Karnov Group,KAR.ST,921682119,8.55099,Sweden,,,,
912,Renta 4 Banco,R4.MC,914129695,22.4639,Spain,,,,
914,MedCap,MCAP.ST,906162271,60.3338,Sweden,,,,
915,Crédit Agricole Mutuel de la Touraine et du Poitou,CRTO.PA,905496581,144.833,France,,,,
917,Kri-Kri Milk Industry,KRI.AT,895586114,27.1341,Greece,,,,
920,Ascopiave,ASC.MI,872609524,4.03169,Italy,,,,
921,Core Laboratories,CLB,870349632,18.56,Netherlands,,,,
923,Sveafastigheter AB,SVEAF.ST,865524300,4.32762,Sweden,,,,
924,Bergman &amp; Beving,BERG-B.ST,864075152,32.4405,Sweden,,,,
927,Burelle,BUR.PA,858061290,489.477,France,,,,
928,innoscripta SE,1INN.DE,856131377,84.89,Germany,,,,
929,Mensch und Maschine,MUM.F,853622680,50.4848,Germany,,,,
931,EuroTeleSites,ETS.VI,848498443,5.10759,Austria,,,,
935,PSI Software,PSAN.DE,835316395,53.5588,Germany,,,,
937,Trustpilot Group,TRST.L,833459183,2.12137,Denmark,,,,
938,Patrizia Immobilien,P1Z.VI,827975009,9.57673,Germany,,,,
939,Citycon,CTY1S.HE,825604784,4.49752,Finland,,,,
940,Elior Group,ELIOR.PA,823440074,3.25372,France,,,,
941,Valneva SE,VALN,822856192,9.49,France,,,,
946,PNE AG,PNE3.DE,818744571,10.6881,Germany,,,,
947,Mips AB,MIPS.ST,816783821,30.8324,Sweden,,,,
949,Tsakos Energy Navigation,TEN,813144000,26.99,Greece,,,,
952,Admie Holding,ADMIE.AT,812532001,3.50556,Greece,,,,
953,Placoplatre,MLPLC.PA,810447801,620.714,France,,,,
955,Logistea AB,LOGI-A.ST,809908888,1.58044,Sweden,,,,
956,Groupe CRIT,CEN.PA,807179927,76.6139,France,,,,
957,Mutares,MUX.DE,797434795,37.302,Germany,,,,
958,Caisse régionale de Crédit Agricole Mutuel d'Ille-et-Vilaine,CIV.PA,796468591,131.828,France,,,,
960,Evli,EVLI.HE,785967157,29.676,Finland,,,,
961,FRoSTA AG,NLM.F,785908742,115.394,Germany,,,,
963,Archicom,ARH.WA,783707274,13.3976,Poland,,,,
965,Südwestdeutsche Salzwerke,SSH.F,764023738,72.7122,Germany,,,,
966,RVRC Holding,RVRC.ST,763944277,7.26446,Sweden,,,,
969,2G Energy AG,2GB.DE,759342612,42.3268,Germany,,,,
975,Better Collective A/S,BETCO-DKK.CO,743744709,12.7175,Denmark,,,,
976,MilDef Group,MILDEF.ST,741170627,15.7378,Sweden,,,,
978,Kaufman &amp; Broad,KOF.PA,733976274,37.4202,France,,,,
979,Musti Group,MUSTI.HE,730286021,21.8728,Finland,,,,
980,Autohellas,OTOEL.AT,727616227,15.1336,Greece,,,,
981,Wiit S.p.A.,WIIT.MI,725545875,29.0258,Italy,,,,
982,Momentum Group AB,MMGR-B.ST,719357379,14.5511,Sweden,,,,
984,Atal S.A.,1AT.WA,711753609,16.4527,Poland,,,,
985,SNP Schneider-Neureither &amp; Partner,SHF.DE,710114973,97.4226,Germany,,,,
986,Wild Bunch,WBAH.F,707693900,29.5578,Germany,,,,
987,Pharmanutra,PHN.MI,705307558,73.5398,Italy,,,,
988,Oeneo,SBT.PA,702896624,10.9246,France,,,,
989,Xvivo Perfusion AB,XVIVO.ST,702200766,22.2925,Sweden,,,,
991,DATAGROUP SE,D6H.DE,698253559,84.1807,Germany,,,,
993,Waga Energy,WAGA.PA,695565907,26.0109,France,,,,
995,Hypoport,HYQ.F,691852348,103.334,Germany,,,,
997,Audax Renovables,ADX.MC,686571554,1.52991,Spain,,,,
998,Equasens,EQS.PA,685992012,45.6373,France,,,,
999,Troax Group AB,TROAX.ST,683643216,11.4235,Sweden,,,,
1000,EuroGroup Laminations,EGLA.MI,678882473,4.17356,Italy,,,,
1001,Sligro Food,SLIGR.AS,674967183,15.2755,Netherlands,,,,
1002,Caisse Régionale de Crédit Agricole du Morbihan,CMO.PA,674859811,128.848,France,,,,
1004,Bahnhof AB,3B7.F,672210825,6.11256,Sweden,,,,
1005,Jensen-Group,JEN.BR,665887476,72.3575,Belgium,,,,
1006,Mühlbauer Holding,MUB.DE,664455989,46.8196,Germany,,,,
1008,X-FAB,XFAB.PA,662580936,5.07212,Belgium,,,,
1010,Boozt,BOOZT.ST,656471812,10.869,Sweden,,,,
1012,Société de la Tour Eiffel,EIFF.PA,648815412,4.88295,France,,,,
1015,Auto Partner,APR.WA,640688963,4.90498,Poland,,,,
1016,PIERER Mobility,PKTM.VI,639329141,18.917,Austria,,,,
1018,NRJ Group,NRG.PA,633726114,8.1816,France,,,,
1019,Laurent-Perrier,LPE.PA,633219176,108.063,France,,,,
1020,Miquel y Costas &amp; Miquel,MCM.MC,629699138,16.7888,Spain,,,,
1021,Viaplay Group,VPLAY-B.ST,626880297,0.137858,Sweden,,,,
1022,Marimekko,MEKKO.HE,626462817,15.441,Finland,,,,
1023,Hexatronic Group AB,HTRO.ST,622624732,3.02778,Sweden,,,,
1024,Flat Capital AB,FLAT-B.ST,618403068,1.24217,Sweden,,,,
1025,TINC NV,TINC.BR,616808904,12.7217,Belgium,,,,
1026,IDI,IDIP.PA,615798509,86.3088,France,,,,
1029,ADS-TEC Energy,ADSE,611446208,10.17,Ireland,,,,
1030,Energiekontor,EKT.DE,610522179,43.7456,Germany,,,,
1031,Credit Agricole Mutuel Toulouse 31,CAT31.PA,608297690,134.784,France,,,,
1032,Quadient,QDT.PA,606775137,17.9002,France,,,,
1033,Revenio,REG1V.HE,606414692,22.795,Finland,,,,
1034,Boiron,BOI.PA,605565319,34.8782,France,,,,
1035,Avax S.A.,AVAX.AT,600616215,4.04942,Greece,,,,
1036,"Amper, S.A.",AMP.MC,600540925,0.209269,Spain,,,,
1039,Norma Group,NOEJ.F,598220528,18.7751,Germany,,,,
1040,EPC Groupe,EXPL.PA,595262438,279.026,France,,,,
1042,Fiera Milano,FM.MI,592348539,8.34713,Italy,,,,
1046,Villeroy &amp; Boch,VIB3.DE,589242821,22.1092,Germany,,,,
1047,Yubico,YUBICO.ST,588544381,6.80974,Sweden,,,,
1050,BHG Group AB,BHG.ST,584424815,3.26069,Sweden,,,,
1051,Lumibird,LBIRD.PA,583214654,26.4838,France,,,,
1054,ASBISc Enterprises,ASB.WA,580231512,10.4546,Cyprus,,,,
1055,SCHMID Group,SHMD,579382912,10.42,Germany,,,,
1056,Jacquet Metals,JCQ.PA,578418134,28.4937,France,,,,
1057,Stabilus,STM.DE,571797108,23.1497,Luxembourg,,,,
1059,Rosenbauer International,ROS.VI,569212592,55.8052,Austria,,,,
1060,Acast AB,ACAST.ST,568654546,3.11651,Sweden,,,,
1062,John Mattson Fastighetsföretagen,JOMA.ST,559761732,7.38531,Sweden,,,,
1064,Nederman Holding,NMAN.ST,556317314,15.8376,Sweden,,,,
1068,eQ Oyj,EQV1V.HE,543414454,13.1237,Finland,,,,
1070,Malteries Franco-Belges,MALT.PA,542427554,1093.64,France,,,,
1072,Truecaller,TRUE-B.ST,532440563,1.58376,Sweden,,,,
1075,init innovation in traffic systems,IXX.DE,527197325,53.0858,Germany,,,,
1077,Groupe Guillin,ALGIL.PA,523499164,28.3164,France,,,,
1078,Acinque,AC5.MI,522641467,2.64838,Italy,,,,
1079,Attica Holdings,ATTICA.AT,520367909,2.13999,Greece,,,,
1080,Raisio plc,RAIVV.HE,515603624,3.26318,Finland,,,,
1081,Oma Säästöpankki,OMASP.HE,514010434,15.4883,Finland,,,,
1083,Nextensa,NEXTA.BR,513790013,50.8394,Belgium,,,,
1084,Aurelius Group,AR4.DE,513292829,19.24,Germany,,,,
1086,Groupe SAMSE,SAMS.PA,508570131,150.154,France,,,,
1087,Newron Pharmaceuticals,NWRN.SW,491745260,24.6353,Italy,,,,
1088,Murapol S.A.,MUR.WA,491731593,12.0522,Poland,,,,
1090,Wirtualna Polska (WP Holding),WPL.WA,488215414,16.3967,Poland,,,,
1091,Aeroporto G. Marconi Bologna,ADB.MI,486914817,13.4784,Italy,,,,
1092,Fastned,FAST.AS,485746957,25.1241,Netherlands,,,,
1094,Formycon AG,FYB.DE,480583297,27.1932,Germany,,,,
1095,Prothena,PRTA,479625152,8.91,Ireland,,,,
1096,Immobiliare Grande Distribuzione SIIQ,IGD.MI,477478601,4.32726,Italy,,,,
1097,Uzin Utz,UZU.DE,477116983,94.585,Germany,,,,
1098,Medios AG,ILM1.DE,476029899,19.2717,Germany,,,,
1099,Plastika Kritis,PLAKR.AT,472613299,17.2618,Greece,,,,
1100,Sygnity,SGN.WA,471610178,20.7411,Poland,,,,
1101,HOMAG Group,HG1.F,471122261,30.0307,Germany,,,,
1102,PlayWay,PLW.WA,469869381,71.1923,Poland,,,,
1104,Nyab AB,NYAB.ST,465742466,0.654356,Sweden,,,,
1106,Hamborner REIT,HABA.DE,461631677,5.6751,Germany,,,,
1107,Patrimoine et Commerce SA,PAT.PA,453821641,28.612,France,,,,
1109,Talgo S.A.,TLGO.MC,451390201,3.38141,Spain,,,,
1111,Globe Trade Centre,GTC.WA,445845219,0.776389,Poland,,,,
1112,XANO Industri,XANO-B.ST,443357707,7.47518,Sweden,,,,
1114,Delta Plus Group,ALDLT.PA,440280170,61.4803,France,,,,
1115,Seco S.p.A.,IOT.MI,437073776,3.29865,Italy,,,,
1116,Eisen- und Hüttenwerke,EIS.F,436982747,24.8286,Germany,,,,
1117,Fonciere Inea,INEA.PA,435019314,40.1986,France,,,,
1119,Borussia Dortmund,BVB.F,431390049,3.85434,Germany,,,,
1122,STEICO SE,ST5.DE,423769448,30.0899,Germany,,,,
1124,Bonduelle,BON.PA,421089363,13.0764,France,,,,
1125,Enento Group,ENENTO.HE,420327197,17.7583,Finland,,,,
1126,Aramis Group,ARAMI.PA,416957095,5.07803,France,,,,
1127,Creotech Instruments,CRI.WA,416815753,146.028,Poland,,,,
1130,eDreams ODIGEO,EDR.MC,411659465,3.84252,Spain,,,,
1131,Selectirente,SELER.PA,410832565,98.7231,France,,,,
1132,Alantra Partners,ALNT.MC,406835326,10.6408,Spain,,,,
1134,Ascencio,ASCE.BR,403963196,61.2438,Belgium,,,,
1135,TXT e-solutions,TXT.MI,403768616,31.8633,Italy,,,,
1136,PCC Rokita,PCR.WA,401762497,20.2366,Poland,,,,
1137,Mirbud S.A.,MRB.WA,401454677,3.6465,Poland,,,,
1140,2CRSI,AL2SI.PA,392759261,17.5692,France,,,,
1141,Fastighets AB Trianon,TRIAN-B.ST,392612811,2.12943,Sweden,,,,
1142,Baader Bank,BWB.DE,392317019,8.03973,Germany,,,,
1143,Bijou Brigitte,BIJ.DE,390696740,52.14,Germany,,,,
1144,Byggmax Group,BMAX.ST,388817998,6.63229,Sweden,,,,
1145,Gérard Perrier Industrie S.A.,PERR.PA,388459653,102.861,France,,,,
1146,PharmaSGP,PSG.DE,387716280,33.6779,Germany,,,,
1149,Simona,SIM0.F,383069291,63.8449,Germany,,,,
1151,Brinova Fastigheter,BRIN-B.ST,379235652,1.64698,Sweden,,,,
1152,Knowit,KNOW.ST,378564285,13.8635,Sweden,,,,
1153,Euroseas,ESEA,374853728,53.5,Greece,,,,
1154,Gaumont SA,GAM.PA,371982112,119.414,France,,,,
1156,Ercros,ECR.MC,370263654,4.04942,Spain,,,,
1158,Shoper,SHO.WA,369838807,13.1454,Poland,,,,
1159,VIB Vermögen,VIH1.F,369704921,11.1847,Germany,,,,
1160,Relais Group Oyj,RELAIS.HE,369451585,20.0402,Finland,,,,
1161,Generalfinance,GF.MI,368983389,29.2031,Italy,,,,
1163,JDC Group AG,JDC.DE,368355496,28.3755,Germany,,,,
1164,OVB Holding,O4B.DE,367319298,25.7744,Germany,,,,
1165,Cellectis,CLLS,364638016,3.57,France,,,,
1166,Eagle Football Group,EFG.PA,364010866,2.22275,France,,,,
1167,Equita Group,EQUI.MI,360991296,7.04658,Italy,,,,
1168,Stalprodukt,STP.WA,359440090,70.6318,Poland,,,,
1169,Inmobiliaria del Sur,ISUR.MC,358739341,19.6264,Spain,,,,
1170,Lubawa,LBW.WA,358006323,2.38242,Poland,,,,
1172,Mo-BRUK S.A.,MBR.WA,356428154,101.463,Poland,,,,
1173,Auna,AUNA,352301760,4.76,Luxembourg,,,,
1174,Celon Pharma,CLN.WA,350207644,6.50261,Poland,,,,
1176,Campine,CAMB.BR,347599913,231.733,Belgium,,,,
1178,Bredband2 i Skandinavien AB,BRE2.ST,344454462,0.359896,Sweden,,,,
1180,Intracom Holdings,INTRK.AT,338972965,4.08489,Greece,,,,
1181,Ecoener,ENER.MC,335202201,5.88792,Spain,,,,
1184,Deutsche Rohstoff,DR0.DE,333811121,68.9288,Germany,,,,
1185,Materialise NV,MTLS,326517664,5.51,Belgium,,,,
1186,Oatly,OTLY,324191936,10.69,Sweden,,,,
1187,Bourse Direct,BSD.PA,322174667,6.24261,France,,,,
1188,BAUER AG,B5A0.HM,320567668,7.44857,Germany,,,,
1190,Bourrelier Group,ALBOU.PA,319930392,51.5488,France,,,,
1191,Infotel SA,INF.PA,318178413,46.3467,France,,,,
1192,ElringKlinger,ZIL2.DE,317623955,5.01301,Germany,,,,
1193,Verve Group SE,VER.ST,314717721,1.57267,Sweden,,,,
1194,Enter Air,ENT.WA,314703735,17.9382,Poland,,,,
1195,Roche Bobois,RBO.PA,311461175,30.8584,France,,,,
1196,Brødrene A &amp; O Johansen,AOJ-B.CO,311000630,14.4032,Denmark,,,,
1197,Austriacard Holdings,ACAG.VI,310913244,8.52447,Austria,,,,
1198,EnviTec Biogas,ETG.DE,309009228,20.8087,Germany,,,,
1199,Amarin Corporation,AMRN,306692096,14.75,Ireland,,,,
1201,Neobo Fastigheter,NEOBO.ST,299783693,2.06178,Sweden,,,,
1202,Wawel,WWL.WA,296909500,229.834,Poland,,,,
1203,Unimot,UNT.WA,296406369,36.1567,Poland,,,,
1204,StealthGas,GASS,295804512,7.96,Greece,,,,
1206,kneat.com,FOBK.F,295187086,3.00307,Ireland,,,,
1208,LNA Santé,LNA.PA,293417003,28.612,France,,,,
1209,Funkwerk AG,FEW.F,292632373,36.3083,Germany,,,,
1211,Oryzon Genomics,ORY.MC,290874596,3.68882,Spain,,,,
1212,GDEV Inc.,GDEV,289718816,15.98,Cyprus,,,,
1214,Hydratec Industries,HYDRA.AS,288580890,222.275,Netherlands,,,,
1217,Cogelec SA,ALLEC.PA,286456814,34.5235,France,,,,
1218,Martifer SGPS,MAR.LS,285560072,2.92031,Portugal,,,,
1219,Eurobio Scientific,ALERS.PA,284502101,28.2573,France,,,,
1222,Text (LiveChat),TXT.WA,282630745,10.976,Poland,,,,
1223,Teract S.A.,TRACT.PA,282376889,4.04351,France,,,,
1224,Hexaom,ALHEX.PA,281177381,41.0262,France,,,,
1225,Groupe Pizzorno Environnement,GPE.PA,280542110,72.594,France,,,,
1227,TAKKT AG,TTK.DE,278819925,4.30362,Germany,,,,
1229,STINAG Stuttgart Invest,STG.F,277905553,17.7347,Germany,,,,
1230,Ernst Russ,HXCK.DE,277225846,8.2289,Germany,,,,
1232,Bank Ochrony Srodowiska,BOS.WA,274474539,2.9542,Poland,,,,
1233,technotrans,TTR1.DE,271961737,39.371,Germany,,,,
1234,Squirrel Media,SQRL.MC,271073829,2.82573,Spain,,,,
1235,Iberpapel Gestión,IBG.MC,270667984,24.8286,Spain,,,,
1237,Sino AG,XTP.DE,269180067,115.157,Germany,,,,
1238,Burgenland Holding,BHD.VI,268931347,89.6438,Austria,,,,
1239,Allgeier,AEIN.DE,267890533,23.2916,Germany,,,,
1240,centrotherm international,CTNK.F,267719864,12.6507,Germany,,,,
1241,The Italian Sea Group,TISG.MI,267569171,5.04848,Italy,,,,
1242,Transgene SA,TNG.PA,266845936,0.974226,France,,,,
1245,ZE PAK SA,ZEP.WA,265812941,5.23011,Poland,,,,
1248,Laboratorio Reig Jofre,RJF.MC,263680251,3.23954,Spain,,,,
1249,Lang &amp; Schwarz,LUS1.DE,263344531,27.9026,Germany,,,,
1251,"Prim, S.A.",PRM.MC,261563817,15.3701,Spain,,,,
1252,Neon Equity AG,D77.DE,261444735,5.81698,Germany,,,,
1253,Smartbroker Holding,SB1.DE,259912987,15.4883,Germany,,,,
1254,Prodware,ALPRO.PA,257397764,33.1048,France,,,,
1255,KlaraBo Sverige,KLARA-B.ST,253028808,1.64809,Sweden,,,,
1258,HMS Bergbau,HMU.DE,251367685,55.3322,Germany,,,,
1259,Dadelo,DAD.WA,251282800,21.5259,Poland,,,,
1260,Dustin Group,DUST.ST,251115757,0.184994,Sweden,,,,
1261,Bang &amp; Olufsen A/S,BO.CO,250351152,1.76004,Denmark,,,,
1262,cBrain,CBRAIN.CO,250184052,12.7888,Denmark,,,,
1266,Akwel SA,AKW.PA,246674623,9.29298,France,,,,
1267,Genfit,GNFT,244433360,4.85,France,,,,
1270,Green Landscaping Group,GREEN.ST,242900959,4.30322,Sweden,,,,
1271,Linedata Services,LIN.PA,242386328,49.4207,France,,,,
1272,Powersoft,PWS.MI,240710206,18.7397,Italy,,,,
1273,BEST S.A.,BST.WA,237883376,8.35249,Poland,,,,
1274,Frauenthal Holding,FKA.VI,237307397,27.4297,Austria,,,,
1275,Latécoère S.A.,LAT.PA,237103112,0.0186805,France,,,,
1276,Sidetrade,ALBFR.PA,235346801,166.706,France,,,,
1277,WALLIX Group,ALLIX.PA,234930456,34.8782,France,,,,
1279,Josef Manner &amp; Comp,MAN.VI,234629941,124.143,Austria,,,,
1281,Remedy Entertainment,REMEDY.HE,232666999,17.1199,Finland,,,,
1282,Cereno Scientific,CRNO-B.ST,232449828,0.745739,Sweden,,,,
1283,Sporting Clube de Portugal,SCP.LS,231651364,1.14684,Portugal,,,,
1284,Streamwide,ALSTW.PA,231536746,87.2547,France,,,,
1288,Eleving Group,OT8.F,228010844,1.8917,Luxembourg,,,,
1289,Admicom Oyj,ADMCM.HE,227185212,45.2826,Finland,,,,
1290,Italian Wine Brands,IWB.MI,225956798,24.3556,Italy,,,,
1291,Seanergy Maritime,SHIP,225287424,10.67,Greece,,,,
1292,ÖKOWORLD,VVV3.DE,223205282,31.686,Germany,,,,
1294,Exacompta Clairefontaine,ALEXA.PA,220730920,195.082,France,,,,
1295,ADM Hamburg,OEL.F,219709629,281.39,Germany,,,,
1296,Parrot S.A.,PARRO.PA,218023726,7.04658,France,,,,
1298,Hawesko,HAW.DE,216672315,24.1192,Germany,,,,
1299,Vista Alegre Atlantis,VAF.LS,214071832,1.2769,Portugal,,,,
1300,MotorK,MTRK.AS,213470253,4.46914,Italy,,,,
1302,La Française de l'Energie,FDE.PA,213016453,40.2577,France,,,,
1303,Bertrandt,BDT.DE,212914263,21.0688,Germany,,,,
1304,Digital Bros,DIB.MI,212170938,14.8735,Italy,,,,
1305,eVISO S.p.A.,EVISO.MI,212123589,9.10381,Italy,,,,
1306,Selvita,SLV.WA,210935175,11.4917,Poland,,,,
1307,trivago,TRVG,210565840,2.98,Germany,,,,
1308,LPKF Laser &amp; Electronics,LPK.DE,210557923,8.59541,Germany,,,,
1310,Nyxoah,NYXH,208698720,4.65,Belgium,,,,
1311,Detection Technology,DETEC.HE,207039565,14.127,Finland,,,,
1312,Brockhaus Technologies,BKHT.DE,206285216,19.7446,Germany,,,,
1313,lastminute.com,LMN.SW,204632062,19.1536,Netherlands,,,,
1315,Atland SAS,ATLD.PA,204488479,47.2925,France,,,,
1317,Arise AB,ARISE.ST,201742597,4.94649,Sweden,,,,
1319,Roularta Media Group,ROU.BR,201011042,16.3159,Belgium,,,,
1320,MAX Automation,MXHN.DE,200413208,4.8593,Germany,,,,
1322,TOYA S.A.,TOA.WA,199214536,2.69073,Poland,,,,
1323,Groupe Partouche,PARP.PA,199014145,20.6905,France,,,,
1324,All for One Group,A1OS.DE,198824029,41.1445,Germany,,,,
1325,Lubelski Wegiel Bogdanka,LWB.WA,197343293,5.80189,Poland,,,,
1326,Branicks Group,BRNK.DE,196613110,2.3528,Germany,,,,
1327,Aumann AG,AAG.DE,196584293,17.1199,Germany,,,,
1328,Carbios SAS,ALCRB.PA,196447959,11.6399,France,,,,
1329,Sabaf S.p.A.,SAB.MI,196183026,15.843,Italy,,,,
1330,Solocal Group,LOCAL.PA,196058231,5.48593,France,,,,
1331,Serviceware,SJJ.DE,195524960,18.6214,Germany,,,,
1332,UmweltBank,UBK.DE,190881063,4.5992,Germany,,,,
1333,Bastide Le Confort Médical,BLC.PA,190123589,26.0109,France,,,,
1334,Banque nationale de Belgique,BNB.BR,190115871,475.29,Belgium,,,,
1335,Fountaine Pajot,ALFPC.PA,189198774,113.502,France,,,,
1336,Ten Square Games,TEN.WA,188239733,29.5981,Poland,,,,
1337,Alan Allman Associates,AAA.PA,187795814,4.13809,France,,,,
1339,Deutsche Konsum REIT-AG,DKG.DE,187366568,2.03949,Germany,,,,
1340,Gobarto,GOB.WA,187007538,6.72683,Poland,,,,
1341,Orrön Energy,ORRON.ST,186925191,0.653801,Sweden,,,,
1342,029 Group,Z29.DE,186805395,37.3611,Germany,,,,
1343,Sensorion,ALSEN.PA,186796315,0.36297,France,,,,
1344,Lafinca Global Assets,YLFG.MC,186768034,4.94207,Spain,,,,
1346,Visiativ SA,ALVIV.PA,184832369,40.1999,France,,,,
1347,Capital B,ALCPB.PA,183469514,0.808702,France,,,,
1348,Koenig &amp; Bauer,SKB.DE,182870621,11.0664,Germany,,,,
1350,MDxHealth,MDXH,181316752,3.53,Belgium,,,,
1351,Fabasoft,FAA.DE,180922813,16.7888,Austria,,,,
1352,Vente-Unique.com,ALVU.PA,180826166,18.7988,France,,,,
1353,Byggmästare Anders J Ahlström,AJA-B.ST,180644652,6.21638,Sweden,,,,
1355,Intred,ITD.MI,179462723,11.3029,Italy,,,,
1356,Emak S.p.A.,EM.MI,179048214,1.09955,Italy,,,,
1357,Precia S.A.,ALPM.PA,178338656,32.9865,France,,,,
1358,Sport Lisboa e Benfica,SLBEN.LS,177843465,7.73232,Portugal,,,,
1359,EDAP TMS,EDAP,176864576,4.73,France,,,,
1361,Quirin Privatbank,QB7.DE,176567116,4.06716,Germany,,,,
1363,Entech SA,ALESE.PA,175380434,11.9177,France,,,,
1364,Daldrup &amp; Söhne,4DS.DE,174824142,29.2031,Germany,,,,
1365,Banqup Group SA,BANQ.BR,173456537,4.67013,Belgium,,,,
1366,Merkur PrivatBank,MBK.DE,172901985,22.2275,Germany,,,,
1367,CM.com,CMCOM.AS,171023281,5.32041,Netherlands,,,,
1368,Björn Borg,BORG.ST,168185816,6.68774,Sweden,,,,
1370,Bitcoin Group,ADE.DE,167060774,33.4122,Germany,,,,
1371,Inclusio,INCLU.BR,166243825,21.8137,Belgium,,,,
1374,Sanok Rubber Company,SNK.WA,163668724,6.50261,Poland,,,,
1376,NSE SA,ALNSE.PA,162311075,49.1842,France,,,,
1377,Innate Pharma,IPHA,162206112,1.71,France,,,,
1378,Deezer,DEEZR.PA,160958074,1.30054,France,,,,
1379,LEWAG Holding,KGR.F,160617170,33.8141,Germany,,,,
1380,Annehem Fastigheter,ANNE-B.ST,160166087,1.81001,Sweden,,,,
1381,Quercus TFI,QRS.WA,159993110,3.36342,Poland,,,,
1382,Fortinova Fastigheter AB,FNOVA-B.ST,159417053,3.10542,Sweden,,,,
1383,Lhyfe SA,LHYFE.PA,158546894,3.29865,France,,,,
1384,Westag AG,WUG3.F,158491297,39.0163,Germany,,,,
1385,Heidelberg Pharma,HPHA.DE,158197137,3.38141,Germany,,,,
1386,ProQR,PRQR,158017792,1.5,Netherlands,,,,
1387,Texaf,TEXF.BR,157794612,43.0362,Belgium,,,,
1388,Bike24 Holding,BIKE.DE,157699857,3.55876,Germany,,,,
1389,Heliad AG,A7A.DE,157111491,18.5623,Germany,,,,
1391,Masterflex,MZX.DE,156363333,16.2568,Germany,,,,
1392,Keyrus,ALKEY.PA,156030233,9.81319,France,,,,
1394,Freelance.com SA,ALFRE.PA,155638433,2.75479,France,,,,
1395,CBo Territoria,CBOT.PA,155554139,4.43367,France,,,,
1396,Almawave,AIW.MI,152075094,5.07212,Italy,,,,
1397,Azerion Group,AZRN.AS,151695193,1.24143,Netherlands,,,,
1398,Gévelot SA,ALGEV.PA,150959161,202.175,France,,,,
1399,Stille AB,STIL.ST,149483393,16.6362,Sweden,,,,
1400,Kulmbacher Brauerei,KUL.MU,149368639,44.455,Germany,,,,
1401,AGROB Immobilien,AGR.F,149103545,43.2726,Germany,,,,
1402,Piquadro,PQ.MI,146541568,3.09766,Italy,,,,
1403,Unibep,UNI.WA,145282689,4.40047,Poland,,,,
1404,Franchi Umberto Marmi,FUM.MI,143240400,4.37456,Italy,,,,
1405,Micro Systemation,MSAB-B.ST,142151300,7.697,Sweden,,,,
1407,Nicolás Correa,NEA.MC,138837581,11.4211,Spain,,,,
1408,Bloober Team,6BO.SG,138766605,6.58548,Poland,,,,
1409,Sloman Neptun,NEP.HM,138254493,69.1653,Germany,,,,
1410,Fasadgruppen Group,FG.ST,138219351,2.57306,Sweden,,,,
1411,Piscines Desjoyaux,ALPDX.PA,137953675,15.3701,France,,,,
1412,Deoleo,OLE.MC,137739421,0.275479,Spain,,,,
1413,Qrf,QRF.BR,137081393,13.1828,Belgium,,,,
1414,Banca Profilo,PRO.MI,136690767,0.206905,Italy,,,,
1415,BICO Group,BICO.ST,136116824,1.92869,Sweden,,,,
1417,CeoTronics,CEK.DE,135861909,17.0253,Germany,,,,
1418,Easy Software,ESY.HM,135573765,21.0452,Germany,,,,
1419,Valsoia S.p.A.,VLS.MI,135266364,12.5325,Italy,,,,
1420,Biotalys,BTLS.BR,135030374,3.59423,Belgium,,,,
1421,Schloss Wachenheim,SWA.DE,134840391,17.0253,Germany,,,,
1422,OMER S.p.A.,OMER.MI,133392663,4.65831,Italy,,,,
1423,FCR Immobilien,FC9.DE,133037544,13.4784,Germany,,,,
1424,Brouwerij Handelsmaatschappij,COBH.BR,133010171,1773.47,Belgium,,,,
1425,Ekopak,EKOP.BR,132029438,7.54315,Belgium,,,,
1426,Prime Office A/S,PRIMOF.CO,131453695,34.8209,Denmark,,,,
1428,Edel SE &amp; Co. KGaA,EDL.DE,130796758,6.14803,Germany,,,,
1429,Affluent Medical SA,AFME.PA,130559057,3.3223,France,,,,
1430,Catering International &amp; Services,ALCIS.PA,129445470,16.6115,France,,,,
1432,Grammer AG,GMM.DE,127786808,8.57177,Germany,,,,
1433,AFYREN,ALAFY.PA,126844666,3.5292,France,,,,
1434,Prevas AB,PREV-B.ST,126758692,9.83752,Sweden,,,,
1435,Captor Therapeutics,CTX.WA,126608611,22.9833,Poland,,,,
1436,SNGULAR,SNG.MC,126608269,2.38827,Spain,,,,
1437,Crossject,ALCJ.PA,125519757,2.40601,France,,,,
1438,Groupe LDLC,ALLDL.PA,125430336,20.454,France,,,,
1439,ADLPartner (Dékuple),DKUPL.PA,124921629,31.4495,France,,,,
1442,The Platform Group,TPG.F,124601885,6.05344,Germany,,,,
1443,Netfonds AG,NF4.DE,124516437,53.4405,Germany,,,,
1444,Møns Bank,MNBA.CO,123455815,61.7279,Denmark,,,,
1445,Wielton,WLT.WA,123371676,1.6705,Poland,,,,
1446,Fleury Michon,ALFLE.PA,122271821,29.5578,France,,,,
1447,VIGO Photonics,VGO.WA,121370452,138.741,Poland,,,,
1448,Catana Group,CATG.PA,121214843,3.89351,France,,,,
1449,Lokum Deweloper,LKD.WA,121083019,6.72683,Poland,,,,
1450,DATA MODUL,DAM.DE,120902438,34.2871,Germany,,,,
1451,Imperial Petroleum,IMPP,120628704,3.33,Greece,,,,
1452,Creepy Jar,CRJ.WA,120356942,172.095,Poland,,,,
1453,Pullup Entertainment,ALPUL.PA,120282925,15.039,France,,,,
1454,CI Games,CI7.F,119925413,0.588201,Poland,,,,
1455,Vranken-Pommery Monopole,VRAP.PA,119256517,13.4192,France,,,,
1456,Beta Systems Software,BSS.F,118965519,25.8621,Germany,,,,
1457,Ambra,AMB.WA,118551343,4.70318,Poland,,,,
1458,Answear.com,ANR.WA,118056760,6.22232,Poland,,,,
1459,Umbrella Solar Investment,USI.MC,117386848,5.44516,Spain,,,,
1460,MRM,MRM.PA,116992105,36.549,France,,,,
1461,Enad Global 7,EG7.ST,116742623,1.31758,Sweden,,,,
1462,Laiqon AG,LQAG.DE,116721393,5.5214,Germany,,,,
1464,q.beyond,QBY.DE,116066013,0.931662,Germany,,,,
1466,Bastei Lübbe,BST.DE,115544453,8.82005,Germany,,,,
1467,W5 Solutions AB,W5.ST,115289622,6.56574,Sweden,,,,
1468,OSE Immunotherapeutics,OSE.PA,114420035,5.09813,France,,,,
1470,R. Stahl AG,RSL2.DE,111927172,17.38,Germany,,,,
1471,SergeFerrari Group,SEFER.PA,111569347,9.7659,France,,,,
1472,PCC Exol,PCX.WA,111281887,0.639049,Poland,,,,
1473,Reworld Media,ALREW.PA,109577046,1.94609,France,,,,
1474,Magnachip Semiconductor,MX,109384744,3.04,Luxembourg,,,,
1475,VITA 34,V3V.DE,109231915,6.26626,Germany,,,,
1476,Polytec Holding,PYT.VI,109223554,4.96571,Austria,,,,
1478,Sogeclair,ALSOG.PA,108738229,35.5876,France,,,,
1479,Nexstim,NXTMH.HE,108311688,15.0154,Finland,,,,
1480,KHD Humboldt Wedag International,KWG.DE,108127900,2.17546,Germany,,,,
1481,Clere AG,CAG0.HM,107728118,13.8331,Germany,,,,
1482,Ateme SA,ATEME.PA,106679189,9.22204,France,,,,
1483,Delfingen Industry,ALDEL.PA,106362433,40.908,France,,,,
1484,Lemonsoft,LEMON.HE,106207049,5.93521,Finland,,,,
1487,CTEK AB,CTEK.ST,104617100,1.49504,Sweden,,,,
1488,SRP Groupe (Showroomprive.com),SRP.PA,104588084,0.910381,France,,,,
1489,Apetit Oyj,APETIT.HE,103662911,16.6706,Finland,,,,
1491,Dexelance,DEX.MI,103097396,3.90163,Italy,,,,
1494,Toro Corp.,TORO,99828208,3.46,Cyprus,,,,
1496,Gascogne Groupe,ALBI.PA,98800428,2.62473,France,,,,
1497,Bulten AB,BULTEN.ST,98346654,4.68585,Sweden,,,,
1499,Optomed,OPTOMED.HE,98059780,4.57555,Finland,,,,
1500,Elica S.p.A.,ELC.MI,97710071,1.66706,Italy,,,,
1501,Coheris SA,COH.PA,97134738,17.0844,France,,,,
1502,PWO AG,PWO.DE,96801846,30.9766,Germany,,,,
1503,Llorente &amp; Cuenca,LLYC.MC,96331277,8.27619,Spain,,,,
1504,Eurofins-Cerep,ALECR.PA,96013717,19035.2,France,,,,
1506,Grupa Kapitałowa Immobile,GKI.WA,95792086,1.2781,Poland,,,,
1507,Ringmetall,HP3A.DE,95544963,3.28683,Germany,,,,
1508,The NAGA Group,N4G.DE,93222617,0.40047,Germany,,,,
1509,Meds Apotek AB,MEDS.ST,92690954,4.99085,Sweden,,,,
1510,Vocento,VOC.MC,92544102,0.768503,Spain,,,,
1511,Moulinvest,ALMOU.PA,91235282,30.149,France,,,,
1512,11 bit studios,11B.WA,90785545,37.5582,Poland,,,,
1513,CDON AB,CDON.ST,90660692,7.98536,Sweden,,,,
1514,Wittchen,WTN.WA,90610549,4.90498,Poland,,,,
1515,Aiforia Technologies Oyj,AIFORIA.HE,89626523,2.6602,Finland,,,,
1516,Garo Aktiebolag,GARO.ST,88837127,1.77674,Sweden,,,,
1517,Athos Immobilien,ATH.VI,88682953,50.8394,Austria,,,,
1519,Abitare In S.p.A.,ABT.MI,87793513,3.43462,Italy,,,,
1521,LumenRadio,LUMEN.ST,85950878,6.83192,Sweden,,,,
1522,Mercor,MCR.WA,85764349,5.6057,Poland,,,,
1523,Nanoform Finland,NANOFS.ST,85703111,1.00039,Finland,,,,
1524,Miko Group,MIKO.BR,85169072,68.5741,Belgium,,,,
1525,FC Porto,FCP.LS,84594090,3.75975,Portugal,,,,
1526,Railcare Group AB,RAIL.ST,84413848,3.49914,Sweden,,,,
1527,Asetek,ASTK.CO,84287344,0.265905,Denmark,,,,
1528,OEX S.A.,OEX.WA,84244537,13.2621,Poland,,,,
1529,Scherzer &amp; Co. AG,PZS.DE,84242783,3.09766,Germany,,,,
1530,S.S. Lazio,SSL.MI,84092998,1.24143,Italy,,,,
1531,High Co.,HCO.PA,83694927,4.31544,France,,,,
1532,Pekabex,PBX.WA,83501917,3.36342,Poland,,,,
1533,mwb fairtrade AG,MWB0.DE,83321884,10.9364,Germany,,,,
1534,Linz Textil,LTH.VI,82998346,276.661,Austria,,,,
1536,ad pepper media International,APM.DE,82071357,3.38141,Germany,,,,
1537,Senzime AB,SEZI.ST,81689393,0.519603,Sweden,,,,
1538,Synthaverse,SVE.WA,80914257,1.06788,Poland,,,,
1540,Nilörngruppen,NIL-B.ST,79667855,6.98719,Sweden,,,,
1541,CombinedX,CX.ST,79592927,4.12577,Sweden,,,,
1542,ALBA SE,ABA.F,79586725,8.08808,Germany,,,,
1543,Poujoulat,ALPJT.PA,79548453,10.1679,France,,,,
1544,ACTIA Group,ALATI.PA,79532260,3.96075,France,,,,
1545,InfraCom Group AB,INFRA.ST,79342336,2.2847,Sweden,,,,
1546,FRIWO,CEA.DE,79309531,9.22204,Germany,,,,
1547,Bilendi SA,ALBLD.PA,78890780,17.0844,France,,,,
1548,Guillemot Corporation,GUI.PA,78706471,5.37952,France,,,,
1550,Exasol AG,EXL.DE,78263251,2.94396,Germany,,,,
1551,LUDWIG BECK am Rathauseck - Textilhaus Feldmeier,ECK.DE,77867105,21.0452,Germany,,,,
1552,Vitura SA,VTR.PA,77406864,4.54008,France,,,,
1553,ATARI,ALATA.PA,77219652,0.138922,France,,,,
1554,NFON AG,NFN.DE,76994771,4.61102,Germany,,,,
1555,Gentili Mosconi,GM.MI,76826675,4.04351,Italy,,,,
1556,DocCheck,AJ91.DE,76785109,15.1336,Germany,,,,
1558,Infant Bacterial Therapeutics AB,IBT-B.ST,74629554,5.53984,Sweden,,,,
1559,BioPorto,BIOPOR.CO,74444029,0.150363,Denmark,,,,
1561,LACROIX Group SA,LACR.PA,74127970,15.7839,France,,,,
1562,audius SE,3ITN.DE,73886476,15.0154,Germany,,,,
1563,Ekinops,EKI.PA,72526528,2.68385,France,,,,
1565,McPhy Energy,MCPHY.PA,71172382,2.53774,France,,,,
1566,Mr.Bricolage,ALMRB.PA,71158072,6.5973,France,,,,
1567,Rottneros,RROS.ST,70033493,0.262297,Sweden,,,,
1568,Smart Good Things Holding,MLSGT.PA,69706554,3.24751,France,,,,
1569,Nordwest Handel,NWX.F,68207616,21.2816,Germany,,,,
1570,Infas Holding AG,IFS.F,68101207,7.5668,Germany,,,,
1571,Schwälbchen Molkerei,SMB.F,67852070,52.2582,Germany,,,,
1572,Pricer AB,PRIC-B.ST,67054407,0.410359,Sweden,,,,
1574,Trophy Games,TGAMES.CO,66079280,2.46119,Denmark,,,,
1575,CGRE AG,LKB.DE,65973045,10.9955,Germany,,,,
1576,Nanexa AB,NANEXA.ST,65730087,0.414241,Sweden,,,,
1577,WASGAU Produktions &amp; Handels AG,MSH.F,65547407,9.93143,Germany,,,,
1578,MGI Digital Technology,ALMDG.PA,65180503,10.5699,France,,,,
1579,Altisource Portfolio,ASPS,64642068,5.88,Luxembourg,,,,
1581,Alcadon Group AB,ALCA.ST,62524657,2.55088,Sweden,,,,
1582,DEMIRE Deutsche Mittelstand Real Estate,DMRE.DE,62374440,0.591156,Germany,,,,
1583,Gabriel Holding A/S,GABR.CO,62221731,32.9216,Denmark,,,,
1584,ORBIS AG,OBS.DE,62137689,6.56184,Germany,,,,
1585,Wiener Privatbank,WPB.VI,62129077,12.4143,Austria,,,,
1586,Dr. Hönle AG,HNL.DE,61779595,10.1915,Germany,,,,
1587,ABO Energy,AB9.DE,61705099,6.69189,Germany,,,,
1588,Hydrogène de France,HDF.PA,61399580,4.19721,France,,,,
1589,Brera Holdings,BREA,60850644,25.2,Ireland,,,,
1590,InflaRx,IFRX,60626908,0.8949,Germany,,,,
1591,CS Diagnostics,CSDX,59898128,0.2396,Germany,,,,
1592,Artifex Mundi,ART.WA,58708313,4.93862,Poland,,,,
1593,Pattern S.p.A.,PTR.MI,58618020,4.05533,Italy,,,,
1594,Sequans Communications,SQNS,58158720,3.73,France,,,,
1596,Hvidbjerg Bank,HVID.CO,57440569,34.1878,Denmark,,,,
1597,Icape Holding,ALICA.PA,57315007,7.2594,France,,,,
1598,Doxa AB,DOXA.ST,57030137,0.0443631,Sweden,,,,
1599,Enapter AG,H2O.DE,56797064,1.82076,Germany,,,,
1600,Cantourage Group SE,HIGH.DE,56642602,4.72925,Germany,,,,
1601,Gigas Hosting,GIGA.MC,56206471,4.49279,Spain,,,,
1602,Paref SA,PAR.PA,55904513,36.8882,France,,,,
1603,Agile Content,AGIL.MC,55833626,2.43556,Spain,,,,
1604,Wolford,WOL.VI,55570325,3.75975,Austria,,,,
1605,FORTEC Elektronik AG,FEV.DE,55531805,17.0844,Germany,,,,
1607,cyan AG,CYR.DE,55261496,2.53015,Germany,,,,
1608,Estoril Sol,ESON.LS,55014624,4.61102,Portugal,,,,
1609,Fernheizwerk Neukölln,FHW.F,54930245,23.8827,Germany,,,,
1610,Heidmar Maritime Holdings,HMR,53707016,0.9197,Greece,,,,
1611,Mister Spex,MRX.F,52524116,1.53109,Germany,,,,
1612,SBF AG,CY1K.DE,52244853,5.34405,Germany,,,,
1613,Tubos Reunidos,TRG.MC,51661486,0.29676,Spain,,,,
1614,Bever Holding,BEVER.AS,50418388,2.95578,Netherlands,,,,
1615,Kalray,ALKAL.PA,49915031,3.25136,France,,,,
1616,Sequana Medical,SEQUA.BR,49697041,0.666824,Belgium,,,,
1617,Prodways Group,PWG.PA,49660034,0.98181,France,,,,
1618,3U Holding,UUU.DE,49621964,1.34784,Germany,,,,
1619,OT Logistics,OTS.WA,48462330,3.69976,Poland,,,,
1621,Nacon,NACON.PA,48327785,0.443367,France,,,,
1623,Fermentalg,ALGAE.PA,47796511,0.497754,France,,,,
1624,Müller - Die lila Logistik,MLL.DE,46466546,5.84062,Germany,,,,
1625,Acanthe Développement,ACAN.PA,46333777,0.280208,France,,,,
1627,Lava Therapeutics,LVTX,45771216,1.74,Netherlands,,,,
1628,Wallbox,WBX,45544248,2.601,Spain,,,,
1629,Duro Felguera,MDF.MC,45539277,0.211634,Spain,,,,
1630,HiPay Group,ALHYP.PA,45537064,7.21211,France,,,,
1631,Touax SCA,TOUP.PA,44392265,6.36395,France,,,,
1632,Balco Group,BALCO.ST,44037237,1.91286,Sweden,,,,
1633,MS Industrie,MSAG.DE,43934264,1.47789,Germany,,,,
1634,Hutter &amp; Schrantz Stahlbau AG,HST.VI,43850140,29.3214,Austria,,,,
1635,IT Link SA,ALITL.PA,43764550,25.6562,France,,,,
1636,Orapi SA,ORAP.PA,43596174,6.69206,France,,,,
1637,People Can Fly,PCF.WA,43472557,1.02024,Poland,,,,
1638,SHW AG,SW10.HM,43374785,6.73918,Germany,,,,
1641,GBK Beteiligungen AG,GBQ.HM,42696265,6.32537,Germany,,,,
1642,BLG Logistics,BLH.F,42676757,11.1137,Germany,,,,
1643,edding AG,EDD3.F,42634420,39.7257,Germany,,,,
1644,Tessellis,TSL.MI,42467719,0.0974226,Italy,,,,
1645,Mentice AB,MNTC.ST,42423335,1.50835,Sweden,,,,
1646,HWA AG,H9W.DE,40502796,4.13809,Germany,,,,
1647,Berentzen-Gruppe,BEZ.DE,40315801,4.29179,Germany,,,,
1648,Delticom AG,DEX.DE,40304475,2.75479,Germany,,,,
1649,Dierig Holding AG,DIE.DE,39294293,9.57673,Germany,,,,
1650,Stock3 AG,BOG.DE,39196028,34.9965,Germany,,,,
1651,RATH Aktiengesellschaft,RAT.VI,39016317,26.0109,Austria,,,,
1652,Ebusco Holding,EBUS.AS,37369535,0.460393,Netherlands,,,,
1653,Poulaillon,ALPOU.PA,36861937,7.21211,France,,,,
1654,genOway,ALGEN.PA,36325853,2.94396,France,,,,
1655,Hydrogen-Refueling-Solutions,ALHRS.PA,35873420,1.79712,France,,,,
1656,Elbstein AG,EBS.HM,35824073,1.19414,Germany,,,,
1657,Graines Voltz,GRVO.PA,35702798,24.1192,France,,,,
1658,Mural Oncology,MURA,35382752,2.04,Ireland,,,,
1659,Natuzzi,NTZ,34806164,3.16,Italy,,,,
1661,DATRON AG,DAR.DE,34166298,8.63088,Germany,,,,
1662,Varengold Bank AG,VG8.DE,33822668,3.36779,Germany,,,,
1663,Halloren Schokoladenfabrik,H2RB.HM,33534676,5.6751,Germany,,,,
1664,Hunyvers,ALHUN.PA,33224690,8.60724,France,,,,
1665,Delignit AG,DLX.DE,33180552,3.23954,Germany,,,,
1666,Pyxis Tankers,PXS,33135338,3.16,Greece,,,,
1667,Softing AG,SYT.DE,33094096,3.33412,Germany,,,,
1668,Lilium,LILM,32897334,0.052,Germany,,,,
1670,Warimpex Finanz- und Beteiligungs AG,WXF.VI,31268440,0.600615,Austria,,,,
1671,Neonode,NEON,30544918,1.82,Sweden,,,,
1672,Netgem,ALNTG.PA,29674725,0.886734,France,,,,
1673,Pyramid AG,M3B.DE,29581065,1.28235,Germany,,,,
1674,Wolftank-Adisa Holding,WOLF.VI,29349459,5.55687,Austria,,,,
1675,INTERSHOP Communications,ISHA.DE,29136993,1.53701,Germany,,,,
1676,YOC AG,YOC.DE,28771994,8.27619,Germany,,,,
1677,PAL Next AG,PAL.DE,28744765,1.1232,Germany,,,,
1678,SW Umwelttechnik Stoiser &amp; Wolschner AG,SWUT.VI,27810833,38.3069,Austria,,,,
1679,Nebelhornbahn-Aktiengesellschaft,NHB0.MU,27174273,20.0993,Germany,,,,
1680,Wedia SA,ALWED.PA,27123623,31.7526,France,,,,
1681,BoomBit,BBT.WA,26761589,1.96199,Poland,,,,
1682,Hoftex Group AG,NBH.MU,25749823,4.72925,Germany,,,,
1683,Innovatec,INC.MI,25486080,0.264247,Italy,,,,
1685,Mauna Kea Technologies,ALMKT.PA,25420795,0.14306,France,,,,
1686,Artmarket.com,PRC.PA,25243987,3.79522,France,,,,
1688,SM Wirtschaftsberatungs AG,SMWN.DE,25174983,6.32537,Germany,,,,
1689,5th Planet Games,5PG.OL,24980218,0.0930783,Denmark,,,,
1690,U10 Corp,ALU10.PA,24621008,1.44242,France,,,,
1691,A.S. Création Tapeten,ACWN.DE,24441523,8.86734,Germany,,,,
1692,DF Deutsche Forfait AG,DFTK.DE,24033576,2.02175,Germany,,,,
1693,Muehlhan AG,M4N.HM,23997475,1.72618,Germany,,,,
1694,KPS AG,KSC.DE,23792817,0.578151,Germany,,,,
1695,STS Group,SF3.DE,23640341,3.66517,Germany,,,,
1696,Top Ships,TOPS,22714632,4.91,Greece,,,,
1697,Forever Entertainment,8FE.SG,22501256,0.744857,Poland,,,,
1698,Biosynex,ALBIO.PA,22228128,1.20596,France,,,,
1699,Sporting Clube de Braga,SCB.LS,21707260,18.0894,Portugal,,,,
1700,GenSight Biologics,SIGHT.PA,21634462,0.098132,France,,,,
1701,Netel Holding,NETEL.ST,20956439,0.431986,Sweden,,,,
1702,Ultimate Games,ULG.WA,20155977,3.85392,Poland,,,,
1703,Passat SA,PSAT.PA,19993730,5.08455,France,,,,
1704,Verimatrix,VMX.PA,19815387,0.227004,France,,,,
1706,Geratherm Medical,GME.DE,17852127,3.29865,Germany,,,,
1707,BigBen Interactive,BIG.PA,17829024,0.963585,France,,,,
1708,All in! Games,ALG.WA,17804553,0.235439,Poland,,,,
1709,Starbreeze,STAR-B.ST,17502665,0.0104919,Sweden,,,,
1710,VIA optronics AG,VIAO,17465854,0.2231,Germany,,,,
1711,Genenta Science,GNTA,17152358,0.732,Italy,,,,
1712,FORIS AG,FRS.DE,16861053,3.66517,Germany,,,,
1713,bet-at-home.com,ACX.DE,16677915,2.37645,Germany,,,,
1714,Games Operators,GOP.WA,16615847,3.02147,Poland,,,,
1715,MAG Interactive,MAGI.ST,16455392,0.621084,Sweden,,,,
1716,hGears AG,HGEA.DE,16353748,1.57248,Germany,,,,
1717,Iterum Therapeutics,ITRM,16094055,0.302,Ireland,,,,
1718,LL Lucky Games,LADYLU.ST,15832163,0.0552321,Sweden,,,,
1720,Cherry SE,C3RY.DE,15244127,0.657366,Germany,,,,
1722,Predilife,ALPRE.PA,14829034,3.7834,France,,,,
1723,Big Cheese Studio,BCS.WA,13907730,3.36342,Poland,,,,
1724,Thunderful Group,THUNDR.ST,13389719,0.0328287,Sweden,,,,
1725,Cliq Digital AG,CLIQ.DE,12415545,2.06668,Germany,,,,
1726,AHT Syngas Technology,3SQ1.DE,12162510,4.91842,Germany,,,,
1727,Oncodesign Precision Medicine,ALOPM.PA,12025608,0.652637,France,,,,
1730,Vivid Games,VVD.WA,10802686,0.194518,Poland,,,,
1731,Alligator Bioscience AB,ATORX.ST,10670777,0.0199634,Sweden,,,,
1732,CR Energy,CRZK.DE,9839813,0.418539,Germany,,,,
1733,Veganz Group,VEZ.DE,9656763,6.952,Germany,,,,
1734,Don't Nod Entertainment,ALDNE.PA,9220356,0.709388,France,,,,
1735,Mainz Biomed,MYNZ,8565458,0.9454,Germany,,,,
1736,Turbo Energy,TURB,7359449,0.668,Spain,,,,
1737,Witbe S.A.,ALWIT.PA,6656829,1.61977,France,,,,
1738,Fragbite Group,FRAG.ST,5535798,0.754173,Sweden,,,,
1739,Brüder Mannesmann AG,BMM.F,5054386,1.1232,Germany,,,,
1740,Réalités,ALREA.PA,5051009,1.06408,France,,,,
1741,ManyDev Studio,MAN.WA,4937945,0.172655,Poland,,,,
1742,Groupe Airwell,ALAIR.PA,4675949,0.813431,France,,,,
1743,Aquaporin,AQP.CO,4140268,0.0906825,Denmark,,,,
1744,Haffner Energy,ALHAF.PA,3944805,0.0450461,France,,,,
1745,PunkPirates,PUN.WA,3942991,0.13,Poland,,,,
1746,Nitro Games,NITRO.ST,3941900,0.158154,Finland,,,,
1747,Moolec Science,MLEC,3913776,5.39,Luxembourg,,,,
1748,Mynaric,M0YN.DE,3874750,0.613256,Germany,,,,
1749,Groupe OKwind,ALOKW.PA,3830782,0.461693,France,,,,
1750,Affimed,AFMD,2975202,0.1815,Germany,,,,
1751,Qiiwi Games,QIIWI.ST,1954226,0.211279,Sweden,,,,
1752,Maximum Entertainment,8R7.F,1131582,0.00520218,Sweden,,,,
1753,T-Bull,TBL.WA,1122949,0.945,Poland,,,,
1754,Sozap,SOZAP.ST,602380,0.0270876,Sweden,,,,
1755,Compleo Charging Solutions,C0M.F,479525,0.094585,Germany,,,,
1756,Global Bioenergies,ALGBE.PA,396471,0.0218702,France,,,,
1757,Esports Entertainment,GMBL,257845,0.225,Malta,,,,
1758,Qiwi,QIWI.ME,0,2.56,Cyprus,,,,
1759,The Payments Group Holding,PGH.DE,0,0,Germany,,,,
1760,X5 Retail Group,FIVE.ME,0,32.42,Netherlands,,,,
